line_id,item_code,confidence,decision,reason_code,candidates
ACM-H-5001,ACM-HEXB0906,0.9800,auto,lexical_unique,ACM-HEXB0906:100.0000|ACM-HEXB0771:78.9394|ACM-HEXB0246:77.3077
ACM-H-5002,ACM-HEXB0319,0.9800,auto,lexical_unique,ACM-HEXB0319:96.9394|ACM-HEXB0277:87.8485|ACM-HEXB0038:84.8182
ACM-H-5003,ACM-CABL1016,0.9800,auto,lexical_unique,ACM-CABL1016:100.0000|ACM-CABL0576:81.6667|ACM-CABL0917:81.6667
ACM-H-5004,ACM-CABL1035,0.9800,auto,lexical_unique,ACM-CABL1035:100.0000|ACM-CABL0071:81.2963|ACM-CABL0583:81.2963
ACM-H-5005,,0.9800,review,ambiguous_twins,ACM-PVCP0220:100.0000|ACM-PVCP0142:100.0000|ACM-PVCP0625:100.0000
ACM-H-5006,,0.9800,review,ambiguous_twins,ACM-BALL0688:100.0000|ACM-BALL1007:93.2963|ACM-BALL0325:81.1538
ACM-H-5007,ACM-HOSE0593,0.9800,auto,lexical_unique,ACM-HOSE0593:100.0000|ACM-HOSE0428:75.0000|ACM-HOSE0046:75.0000
ACM-H-5008,,0.9800,review,ambiguous_twins,ACM-BALL0702:100.0000|ACM-BALL0376:93.1538|ACM-BALL0507:81.0000
ACM-H-5009,ACM-PVCP0126,0.9900,auto,barcode_hit,ACM-PVCP0126:100.0000
ACM-H-5010,,0.1500,review,ambiguous_twins,ACM-WALL0817:57.0698|ACM-WALL0730:55.2727|ACM-WALL1082:53.5556
ACM-H-5011,ACM-SAFE0847,0.9800,auto,lexical_unique,ACM-SAFE0847:100.0000|ACM-SAFE1043:72.8788|ACM-SAFE0100:71.1538
ACM-H-5012,,0.9800,review,ambiguous_twins,ACM-HOSE0106:100.0000|ACM-HOSE0106B:99.3580|ACM-HOSE0424:76.8919
ACM-H-5013,,0.9000,reject,out_of_catalogue,
ACM-H-5014,,0.9500,reject,not_an_item,
ACM-H-5015,ACM-HEXB0431,0.9800,auto,lexical_unique,ACM-HEXB0431:100.0000|ACM-HEXB0902:77.5926|ACM-HEXB0401:75.5660
ACM-H-5016,ACM-CABL0752,0.9800,auto,lexical_unique,ACM-CABL0752:99.4286|ACM-CABL0921:86.6364|ACM-CABL1050:83.7018
ACM-H-5017,ACM-SAFE0049,0.9800,auto,lexical_unique,ACM-SAFE0049:100.0000|ACM-SAFE0798:71.5672|ACM-SAFE0731:65.0000
ACM-H-5018,ACM-MASK0342,0.9800,auto,lexical_unique,ACM-MASK0342:100.0000|ACM-MASK0269:87.4118|ACM-MASK0475:81.9697
ACM-H-5019,ACM-MASK0490,0.9800,auto,lexical_unique,ACM-MASK0490:100.0000|ACM-MASK0291:88.0000|ACM-MASK0596:82.0588
ACM-H-5020,ACM-CABL0805,0.9800,auto,lexical_unique,ACM-CABL0805:100.0000|ACM-CABL0407:81.5517|ACM-CABL0555:78.1034
ACM-H-5021,,0.9800,review,ambiguous_twins,ACM-NITR0586:100.0000|ACM-NITR0366:99.3396|ACM-NITR0617:95.5660
ACM-H-5022,,0.9800,review,ambiguous_twins,ACM-PVCP0166:100.0000|ACM-PVCP0337:100.0000|ACM-PVCP0912:100.0000
ACM-H-5023,ACM-CABL0706,0.9800,auto,lexical_unique,ACM-CABL0706:100.0000|ACM-CABL0550:81.5517|ACM-CABL0078:78.1034
ACM-H-5024,,0.5500,review,ambiguous_twins,ACM-PVCP0996:76.4286|ACM-PVCP1037:76.4286|ACM-PVCP0432:76.4286
ACM-H-5025,,0.9400,review,ambiguous_twins,ACM-PVCP0482:91.7925|ACM-PVCP0666:91.7925|ACM-PVCP0799:91.7925
ACM-H-5026,,0.9000,reject,out_of_catalogue,
ACM-H-5027,,0.9500,reject,not_an_item,
ACM-H-5028,ACM-SAFE0110,0.9800,auto,lexical_unique,ACM-SAFE0110:100.0000|ACM-NITR0655:67.0690|ACM-SAFE0863:66.2500
ACM-H-5029,,0.5500,review,ambiguous_twins,ACM-HEXB0246:74.8413|ACM-HEXB0585:74.8413|ACM-HEXB0528:74.8413
ACM-H-5030,,0.8800,review,ambiguous_twins,ACM-GIWI0505:87.1429|ACM-GIWI0627:83.5714|ACM-GIWI0961:83.5714
ACM-H-5031,,0.8800,review,ambiguous_twins,ACM-BALL0954:88.7209|ACM-BALL0778:86.8182|ACM-BALL0364:84.0698
ACM-H-5032,ACM-ANGL0157,0.9800,auto,lexical_unique,ACM-ANGL0157:100.0000|ACM-ANGL0402:82.5000|ACM-ANGL0473:82.4359
ACM-H-5033,,0.9800,review,ambiguous_twins,ACM-PVCP1037:100.0000|ACM-PVCP0347:100.0000|ACM-PVCP0994:100.0000
ACM-H-5034,ACM-HEXB0357,0.9400,auto,lexical_unique,ACM-HEXB0357:90.7586|ACM-HEXB0115:64.3103|ACM-HEXB1063:64.3103
ACM-H-5035,ACM-SAFE0019,0.9800,auto,lexical_unique,ACM-SAFE0019:100.0000|ACM-SAFE0822:66.8182|ACM-SAFE0381:66.8182
ACM-H-5036,,0.8800,review,ambiguous_twins,ACM-NITR0655:86.9565|ACM-NITR0366:86.9565|ACM-NITR0715:86.9565
ACM-H-5037,,0.5500,review,ambiguous_twins,ACM-PVCP0994:70.0000|ACM-PVCP0347:66.0000|ACM-PVCP1037:62.0000
ACM-H-5038,,0.9400,review,ambiguous_twins,ACM-HEXB0189:93.3226|ACM-HEXB0320:93.3226|ACM-HEXB0225:93.3226
ACM-H-5039,,0.5500,review,ambiguous_twins,ACM-PVCP0666:70.8571|ACM-PVCP0799:63.7143|ACM-PVCP0561:63.7143
ACM-H-5040,,0.9000,reject,out_of_catalogue,
ACM-H-5041,,0.9500,reject,not_an_item,
ACM-H-5042,ACM-WALL0184,0.9800,auto,lexical_unique,ACM-WALL0184:100.0000|ACM-WALL0002:80.6522|ACM-WALL0684:78.6170
ACM-H-5043,,0.1500,reject,no_candidate_above_floor,ACM-HEXB0219:54.2500|ACM-HEXB0585:48.0000|ACM-HEXB0465:48.0000
ACM-H-5044,ACM-HEXB0053,0.9800,auto,lexical_unique,ACM-HEXB0053:100.0000|ACM-HEXB0387:81.8750|ACM-HEXB0219:81.8750
ACM-H-5045,ACM-HEXB0790,0.9800,auto,lexical_unique,ACM-HEXB0790:96.0952|ACM-HEXB0207:70.7143|ACM-HEXB0274:69.3373
ACM-H-5046,,0.1500,reject,no_candidate_above_floor,ACM-PVCP0996:34.5385|ACM-PVCP0195:34.5385|ACM-PVCP1066:34.5385
ACM-H-5047,,0.7800,review,ambiguous_twins,ACM-PVCP1060:83.2609|ACM-PVCP0441:83.2609|ACM-PVCP0394:83.2609
ACM-H-5048,ACM-WALL1024,0.9800,auto,lexical_unique,ACM-WALL1024:100.0000|ACM-WALL0143:81.0000|ACM-WALL0211:79.1176
ACM-H-5049,ACM-BALL0001,0.9800,auto,lexical_unique,ACM-BALL0001:98.2439|ACM-BALL0797:82.0000|ACM-BALL0305:70.0000
ACM-H-5050,ACM-NITR0934,0.9900,auto,barcode_hit,ACM-NITR0934:100.0000
ACM-H-5051,,0.9800,review,ambiguous_twins,ACM-HEXB1074:95.9091|ACM-HEXB0415:95.9091|ACM-HEXB0274:95.9091
ACM-H-5052,,0.5500,review,ambiguous_twins,ACM-BALL0983:70.0000|ACM-BALL0879:66.4615|ACM-BALL0208:54.5000
ACM-H-5053,,0.9000,reject,out_of_catalogue,
ACM-H-5054,,0.9000,reject,out_of_catalogue,
ACM-H-5055,ACM-SAFE0543,0.9800,auto,lexical_unique,ACM-SAFE0543:100.0000|ACM-SAFE0144:64.4521|ACM-SAFE0410:64.4521
ACM-H-5056,ACM-GIWI0495,0.9800,auto,lexical_unique,ACM-GIWI0495:100.0000|ACM-GIWI0627:75.9091|ACM-GIWI0505:75.9091
ACM-H-5057,,0.1500,reject,no_candidate_above_floor,ACM-HEXB0867:50.7746|ACM-HEXB0139:47.9577|ACM-HEXB0987:46.4286
ACM-H-5058,,0.9800,review,ambiguous_twins,ACM-PVCP0619:100.0000|ACM-PVCP0647:100.0000|ACM-PVCP0119:100.0000
ACM-H-5059,ACM-HEXB0292,0.9800,auto,lexical_unique,ACM-HEXB0292:100.0000|ACM-HEXB0893:81.2963|ACM-HEXB0479:81.2963
ACM-H-5060,ACM-GIWI0179,0.9800,auto,lexical_unique,ACM-GIWI0179:95.1795|ACM-GIWI0059:65.7778|ACM-GIWI0955:61.9231
ACM-H-5061,ACM-WALL0875,0.9400,auto,lexical_unique,ACM-WALL0875:90.7586|ACM-WALL0651:64.3103|ACM-WALL0398:62.9661
ACM-H-5062,ACM-HEXB0290,0.9800,auto,lexical_unique,ACM-HEXB0290:95.1795|ACM-HEXB0599:69.6154|ACM-HEXB1013:69.6154
ACM-H-5063,ACM-HEXB0701,0.9800,auto,lexical_unique,ACM-HEXB0701:100.0000|ACM-HEXB0870:81.0000|ACM-HEXB0675:81.0000
ACM-H-5064,ACM-BALL0084,0.9900,auto,barcode_hit,ACM-BALL0084:100.0000
ACM-H-5065,,0.5500,review,ambiguous_twins,ACM-HEXB0310:72.1176|ACM-HEXB0743:72.1176|ACM-HEXB0198:53.8621
ACM-H-5066,,0.1500,reject,no_candidate_above_floor,ACM-MASK0342:52.8261|ACM-MASK0475:52.8261|ACM-MASK0629:52.8261
ACM-H-5067,,0.9000,reject,out_of_catalogue,
ACM-H-5068,,0.9500,reject,not_an_item,
ACM-H-5069,,0.9800,review,ambiguous_twins,ACM-PVCP1051:100.0000|ACM-PVCP0117:100.0000|ACM-PVCP0394:100.0000
ACM-H-5070,,0.5500,review,ambiguous_twins,ACM-CABL0785:77.5926|ACM-CABL1039:77.5926|ACM-CABL0910:73.8889
ACM-H-5071,,0.9800,review,ambiguous_twins,ACM-PVCP0755:100.0000|ACM-PVCP0138:100.0000|ACM-PVCP0463:100.0000
ACM-H-5072,ACM-SELF0945,0.9800,auto,lexical_unique,ACM-SELF0945:100.0000|ACM-SELF0457:90.7500|ACM-SELF0966:80.8333
ACM-H-5073,ACM-HOSE0665,0.9800,auto,lexical_unique,ACM-HOSE0665:100.0000|ACM-HOSE0835:75.7193|ACM-HOSE0399:74.6667
ACM-H-5074,,0.9400,review,ambiguous_twins,ACM-HEXB0401:91.9565|ACM-HEXB0198:91.9565|ACM-HEXB1059:91.9565
ACM-H-5075,,0.9800,review,ambiguous_twins,ACM-ANGL0838:100.0000|ACM-ANGL0040:93.9697|ACM-ANGL0397:81.9697
ACM-H-5076,ACM-SAFE0984,0.7200,auto,alias_exact,ACM-SAFE0984:100.0000
ACM-H-5077,ACM-SELF0918,0.9900,auto,barcode_hit,ACM-SELF0918:100.0000
ACM-H-5078,ACM-HEXB0445,0.9800,auto,lexical_unique,ACM-HEXB0445:98.9091|ACM-HEXB0734:71.3636|ACM-HEXB0004:71.3636
ACM-H-5079,,0.5500,review,ambiguous_twins,ACM-PVCP0643:70.8571|ACM-PVCP0124:67.2857|ACM-PVCP0279:63.7143
ACM-H-5080,,0.9800,review,ambiguous_twins,ACM-PVCP0284:100.0000|ACM-PVCP0691:100.0000|ACM-PVCP0640:100.0000
ACM-H-5081,,0.9000,reject,out_of_catalogue,
ACM-H-5082,,0.9800,review,ambiguous_twins,ACM-ANGL0845:100.0000|ACM-ANGL0007:94.2973|ACM-ANGL0033:82.2973
ACM-H-5083,,0.1500,reject,no_candidate_above_floor,ACM-HEXB0198:48.9677|ACM-HEXB0310:45.2222|ACM-HEXB0743:39.6667
ACM-H-5084,,0.1500,review,ambiguous_twins,ACM-ANGL0214:56.1169|ACM-ANGL0914:52.4521|ACM-ANGL1022:49.3158
ACM-H-5085,ACM-HEXB0500,0.9800,auto,lexical_unique,ACM-HEXB0500:98.0000|ACM-HEXB0832:72.5000|ACM-HEXB0310:72.5000
ACM-H-5086,ACM-CABL0545,0.9800,auto,lexical_unique,ACM-CABL0545:100.0000|ACM-CABL0321:81.5517|ACM-CABL0722:81.5517
ACM-H-5087,,0.7800,review,ambiguous_twins,ACM-SELF0519:83.4198|ACM-SELF0696:79.3529|ACM-SELF0712:70.0000
ACM-H-5088,,0.8800,review,ambiguous_twins,ACM-NITR0925:88.8710|ACM-NITR0351:87.5397|ACM-NITR0715:85.6452
ACM-H-5089,,0.9800,review,ambiguous_twins,ACM-ANGL0838:100.0000|ACM-ANGL0040:93.9697|ACM-ANGL0397:81.9697
ACM-H-5090,ACM-HEXB0649,0.9800,auto,lexical_unique,ACM-HEXB0649:100.0000|ACM-HEXB0882:82.0588|ACM-HEXB0803:80.5224
ACM-H-5091,,0.8500,reject,not_an_item,
ACM-H-5092,,0.1500,reject,no_candidate_above_floor,ACM-WALL0809:39.1111|ACM-WALL0047:37.4595|ACM-WALL0705:35.8947
ACM-H-5093,ACM-MASK0286,0.9800,auto,lexical_unique,ACM-MASK0286:100.0000|ACM-MASK0286B:90.8571|ACM-MASK0600:86.6885
ACM-H-5094,,0.9000,reject,out_of_catalogue,
ACM-H-5095,,0.9500,reject,not_an_item,
ACM-H-5096,ACM-GIWI0728,0.9800,auto,lexical_unique,ACM-GIWI0728:100.0000|ACM-GIWI0113:80.4545|ACM-GIWI0621:80.4545
ACM-H-5097,,0.3500,review,ambiguous_twins,ACM-PVCP0048:67.5455|ACM-PVCP0314:63.9091|ACM-PVCP1091:60.2727
ACM-H-5098,ACM-ANGL1026,0.8800,auto,lexical_unique,ACM-ANGL1026:89.3559|ACM-ANGL0598:81.0159|ACM-ANGL0753:62.9661
ACM-H-5099,ACM-ANGL0080,0.9400,auto,lexical_unique,ACM-ANGL0080:93.3333|ACM-ANGL0909:79.1918|ACM-ANGL0414:67.1918
ACM-H-5100,,0.9800,review,ambiguous_twins,ACM-PVCP1051:100.0000|ACM-PVCP0117:100.0000|ACM-PVCP0394:100.0000
ACM-H-5101,,0.3500,review,ambiguous_twins,ACM-GIWI0801:69.6667|ACM-GIWI1067:69.6667|ACM-GIWI0567:69.6667
ACM-H-5102,,0.9800,review,ambiguous_twins,ACM-PVCP0482:100.0000|ACM-PVCP0573:100.0000|ACM-PVCP0466:100.0000
ACM-H-5103,ACM-CABL0958,0.9700,auto,alias_exact,ACM-CABL0958:100.0000
ACM-H-5104,ACM-ANGL1090,0.9900,auto,barcode_hit,ACM-ANGL1090:100.0000
ACM-H-5105,,0.1500,review,ambiguous_twins,ACM-GIWI0728:57.9412|ACM-GIWI0113:57.9412|ACM-GIWI0567:57.9412
ACM-H-5106,ACM-HEXB0762,0.9400,auto,lexical_unique,ACM-HEXB0762:93.2459|ACM-HEXB0103:66.6885|ACM-HEXB1086:63.6885
ACM-H-5107,,0.9800,review,ambiguous_twins,ACM-HOSE0980:100.0000|ACM-HOSE0980B:96.8889|ACM-HOSE1095:74.2857
ACM-H-5108,,0.9000,reject,out_of_catalogue,
ACM-H-5109,,0.9500,reject,not_an_item,
ACM-H-5110,ACM-GIWI0218,0.9800,auto,lexical_unique,ACM-GIWI0218:100.0000|ACM-GIWI0955:80.4545|ACM-GIWI0652:80.4545
ACM-H-5111,,0.9800,review,ambiguous_twins,ACM-HOSE1052:100.0000|ACM-HOSE0191:95.0000|ACM-HOSE0296:95.0000
ACM-H-5112,ACM-HEXB0877,0.9800,auto,lexical_unique,ACM-HEXB0877:100.0000|ACM-HEXB0356:82.2973|ACM-HEXB0793:80.8904
ACM-H-5113,ACM-MASK0553,0.9800,auto,lexical_unique,ACM-MASK0553:100.0000|ACM-MASK0839:87.4118|ACM-MASK0475:81.9697
ACM-H-5114,,0.9400,review,ambiguous_twins,ACM-CABL1080:93.4615|ACM-CABL0687:93.4615|ACM-CABL0074:93.4615
ACM-H-5115,ACM-CABL0390,0.9800,auto,lexical_unique,ACM-CABL0390:100.0000|ACM-CABL0187:81.5517|ACM-CABL0540:78.1034
ACM-H-5116,,0.9800,review,ambiguous_twins,ACM-PVCP1073:96.5246|ACM-PVCP0076:93.2459|ACM-PVCP1002:93.2459
ACM-H-5117,,0.3500,review,ambiguous_twins,ACM-HEXB0668:62.6154|ACM-HEXB1097:61.8710|ACM-HEXB0790:37.3651
ACM-H-5118,ACM-HEXB0957,0.9800,auto,lexical_unique,ACM-HEXB0957:100.0000|ACM-HEXB1047:81.8750|ACM-HEXB0089:81.8750
ACM-H-5119,ACM-HEXB0743,0.9800,auto,lexical_unique,ACM-HEXB0743:100.0000|ACM-HEXB1074:76.1765|ACM-HEXB0238:76.1765
ACM-H-5120,,0.1500,review,ambiguous_twins,ACM-PVCP0412:58.0000|ACM-PVCP0683:53.5556|ACM-PVCP0837:49.1111
ACM-H-5121,,0.9000,reject,out_of_catalogue,
ACM-H-5122,,0.9500,reject,not_an_item,
ACM-H-5123,ACM-MASK0530,0.9800,auto,lexical_unique,ACM-MASK0530:100.0000|ACM-MASK1058:86.1250|ACM-MASK0378:81.9697
ACM-H-5124,ACM-MASK0878,0.9400,auto,lexical_unique,ACM-MASK0878:91.5821|ACM-MASK0221:81.8462|ACM-MASK0286:65.5970
ACM-H-5125,ACM-HEXB0633,0.9800,auto,lexical_unique,ACM-HEXB0633:100.0000|ACM-HEXB0603:76.2281|ACM-HEXB0893:74.2857
ACM-H-5126,,0.9800,review,ambiguous_twins,ACM-PVCP0949:100.0000|ACM-PVCP0200:100.0000|ACM-PVCP1075:100.0000
ACM-H-5127,,0.9800,review,ambiguous_twins,ACM-MASK0286B:100.0000|ACM-MASK0286:98.6667|ACM-MASK0600:79.2329
ACM-H-5128,,0.8800,review,ambiguous_twins,ACM-WALL0143:89.3636|ACM-WALL0140:89.3636|ACM-WALL1021:89.3636
ACM-H-5129,ACM-HOSE0637,0.7800,auto,lexical_unique,ACM-HOSE0637:82.3590|ACM-HOSE0185:54.2308|ACM-HOSE1069:53.0000
ACM-H-5130,ACM-WALL0532,0.9800,auto,lexical_unique,ACM-WALL0532:100.0000|ACM-WALL1040:81.0000|ACM-WALL0926:78.8776
ACM-H-5131,ACM-CABL0752,0.9800,auto,lexical_unique,ACM-CABL0752:100.0000|ACM-CABL1084:81.4286|ACM-CABL0560:81.4286
ACM-H-5132,ACM-HEXB0943,0.9800,auto,lexical_unique,ACM-HEXB0943:100.0000|ACM-HEXB0345:71.1538|ACM-HEXB0628:69.3750
ACM-H-5133,ACM-CABL0287,0.9800,auto,lexical_unique,ACM-CABL0287:95.5000|ACM-CABL1056:68.3333|ACM-NITR0804:67.5000
ACM-H-5134,,0.0000,reject,no_candidate_above_floor,
ACM-H-5135,,0.9000,reject,out_of_catalogue,
ACM-H-5136,,0.9500,reject,not_an_item,
ACM-H-5137,,0.9800,review,ambiguous_twins,ACM-PVCP1051:100.0000|ACM-PVCP0117:100.0000|ACM-PVCP0394:100.0000
ACM-H-5138,,0.3500,review,ambiguous_twins,ACM-MASK0527:68.3333|ACM-MASK0405:68.3333|ACM-MASK0291:68.3333
ACM-H-5139,ACM-CABL0635,0.9800,auto,lexical_unique,ACM-CABL0635:100.0000|ACM-CABL1048:81.8750|ACM-CABL0958:78.7500
ACM-H-5140,ACM-BALL0735,0.9800,auto,lexical_unique,ACM-BALL0735:100.0000|ACM-BALL0258:91.5946|ACM-BALL0255:79.4444
ACM-H-5141,,0.8800,review,ambiguous_twins,ACM-MASK0378:87.1429|ACM-MASK0530:87.1429|ACM-MASK0032:87.1429
ACM-H-5142,ACM-HOSE0704,0.9800,auto,lexical_unique,ACM-HOSE0704:99.2281|ACM-HOSE0399:65.7018|ACM-HOSE0440:65.7018
ACM-H-5143,ACM-CABL0805,0.9800,auto,lexical_unique,ACM-CABL0805:100.0000|ACM-CABL0407:81.5517|ACM-CABL0555:78.1034
ACM-H-5144,ACM-CABL0990,0.9800,auto,lexical_unique,ACM-CABL0990:100.0000|ACM-CABL0316:81.5517|ACM-CABL0555:78.1034
ACM-H-5145,ACM-HEXB0534,0.9800,auto,lexical_unique,ACM-HEXB0534:100.0000|ACM-HEXB0223:82.1429|ACM-HEXB0599:80.6522
ACM-H-5146,,0.1500,reject,no_candidate_above_floor,ACM-MISC003:45.7143|ACM-MISC000:45.7143|ACM-MISC004:45.7143
ACM-H-5147,,0.5500,review,ambiguous_twins,ACM-PVCP0297:74.4186|ACM-PVCP0159:74.4186|ACM-PVCP0928:74.4186
ACM-H-5148,,0.9000,reject,out_of_catalogue,
ACM-H-5149,,0.9000,reject,out_of_catalogue,
ACM-H-5150,ACM-HEXB0153,0.9400,auto,lexical_unique,ACM-HEXB0153:94.2069|ACM-HEXB0870:67.7586|ACM-HEXB0675:67.7586
ACM-H-5151,,0.3500,review,ambiguous_twins,ACM-HEXB1049:67.3529|ACM-HEXB0987:67.3529|ACM-HEXB0352:67.3529
ACM-H-5152,,0.5500,review,low_confidence,ACM-CABL0187:76.3051|ACM-CABL0785:55.1930|ACM-CABL0391:51.6842
ACM-H-5153,,0.9800,review,ambiguous_twins,ACM-PVCP0075:100.0000|ACM-PVCP0692:100.0000|ACM-PVCP1077:100.0000
ACM-H-5154,ACM-WALL1030,0.9800,auto,lexical_unique,ACM-WALL1030:100.0000|ACM-WALL0992:81.5517|ACM-WALL1006:79.7368
ACM-H-5155,,0.5500,review,ambiguous_twins,ACM-HOSE0953:78.5556|ACM-HOSE0850:78.5556|ACM-HOSE0317:78.5556
ACM-H-5156,,0.9800,review,ambiguous_twins,ACM-PVCP0949:100.0000|ACM-PVCP0200:100.0000|ACM-PVCP1075:100.0000
ACM-H-5157,ACM-MASK0600,0.9800,auto,lexical_unique,ACM-MASK0600:100.0000|ACM-MASK0286:86.7879|ACM-MASK0221:81.8750
ACM-H-5158,,0.1500,reject,no_candidate_above_floor,ACM-BALL0851:35.6061|ACM-BALL0011:35.6061|ACM-BALL0865:32.1429
ACM-H-5159,ACM-BALL0685,0.9900,auto,barcode_hit,ACM-BALL0685:100.0000
ACM-H-5160,,0.5500,review,ambiguous_twins,ACM-HOSE0424:76.6667|ACM-HOSE0853:76.6667|ACM-HOSE0180:76.6667
ACM-H-5161,,0.5500,review,ambiguous_twins,ACM-PVCP0928:74.4286|ACM-PVCP0023:74.4286|ACM-PVCP0347:74.4286
ACM-H-5162,,0.9000,reject,out_of_catalogue,
ACM-H-5163,,0.9500,reject,not_an_item,
ACM-H-5164,ACM-HEXB0649,0.9800,auto,lexical_unique,ACM-HEXB0649:100.0000|ACM-HEXB0882:82.0588|ACM-HEXB0803:80.5224
ACM-H-5165,,0.1500,reject,no_candidate_above_floor,ACM-PVCP1009:50.7778|ACM-PVCP0570:47.0741|ACM-PVCP1066:43.3704
ACM-H-5166,,0.3500,review,ambiguous_twins,ACM-SELF0504:66.0345|ACM-SELF0229:62.1930|ACM-SELF0276:60.6303
ACM-H-5167,,0.3500,review,low_confidence,ACM-SELF0129:63.1064|ACM-SELF0242:40.1053|ACM-SELF0869:39.7204
ACM-H-5168,ACM-CABL0540,0.9800,auto,lexical_unique,ACM-CABL0540:95.8788|ACM-CABL1031:69.8485|ACM-CABL0390:66.8182
ACM-H-5169,,0.3500,review,low_confidence,ACM-HEXB0153:69.3043|ACM-HEXB0870:41.9565|ACM-HEXB0675:41.9565
ACM-H-5170,ACM-SELF0945,0.9800,auto,lexical_unique,ACM-SELF0945:98.9091|ACM-SELF0457:81.9057|ACM-SELF0966:71.7925
ACM-H-5171,ACM-CABL0555,0.7200,auto,alias_exact,ACM-CABL0555:100.0000
ACM-H-5172,ACM-SELF0242,0.9900,auto,barcode_hit,ACM-SELF0242:100.0000
ACM-H-5173,ACM-GIWI0789,0.9800,auto,lexical_unique,ACM-GIWI0789:100.0000|ACM-GIWI0811:78.5882|ACM-GIWI0446:76.2281
ACM-H-5174,,0.9800,review,ambiguous_twins,ACM-BALL0364:100.0000|ACM-BALL0364B:92.2105|ACM-BALL0525:86.5522
ACM-H-5175,,0.9800,review,ambiguous_twins,ACM-SELF0302:100.0000|ACM-SELF0302B:100.0000|ACM-SELF0090:93.8421
ACM-H-5176,,0.9000,reject,out_of_catalogue,
ACM-H-5177,ACM-GIWI0389,0.9800,auto,lexical_unique,ACM-GIWI0389:100.0000|ACM-GIWI0661:81.4286|ACM-GIWI0430:81.4286
ACM-H-5178,ACM-GIWI0621,0.8800,auto,lexical_unique,ACM-GIWI0621:85.2727|ACM-GIWI0997:64.0000|ACM-GIWI0728:57.7273
ACM-H-5179,ACM-HEXB0253,0.9800,auto,lexical_unique,ACM-HEXB0253:99.2963|ACM-HEXB1025:87.6154|ACM-HEXB1064:82.2453
ACM-H-5180,,0.1500,reject,no_candidate_above_floor,ACM-SELF0400:39.2222|ACM-SELF0043:22.9245|ACM-SELF0995:21.6667
ACM-H-5181,,0.5500,review,ambiguous_twins,ACM-NITR0655:78.3333|ACM-NITR0677:73.8525|ACM-NITR0569:71.6667
ACM-H-5182,,0.9800,review,ambiguous_twins,ACM-BALL0315:100.0000|ACM-BALL1017:93.1538|ACM-BALL0116:81.0000
ACM-H-5183,ACM-HEXB0542,0.9800,auto,lexical_unique,ACM-HEXB0542:100.0000|ACM-HEXB0352:82.0588|ACM-HEXB0379:82.0588
ACM-H-5184,ACM-PVCP0666B,0.9700,auto,alias_exact,ACM-PVCP0666B:100.0000
ACM-H-5185,ACM-CABL0607,0.9800,auto,lexical_unique,ACM-CABL0607:100.0000|ACM-CABL0259:81.7742|ACM-CABL0884:81.7742
ACM-H-5186,ACM-HEXB0290,0.9800,auto,lexical_unique,ACM-HEXB0290:95.1795|ACM-HEXB0599:69.6154|ACM-HEXB1013:69.6154
ACM-H-5187,,0.1500,reject,no_candidate_above_floor,ACM-SAFE0135:18.7805|ACM-SAFE0489:18.7805|ACM-SAFE0182:18.7805
ACM-H-5188,,0.9800,review,ambiguous_twins,ACM-PVCP1055:98.5660|ACM-PVCP0392:94.7925|ACM-PVCP0275:94.7925
ACM-H-5189,,0.9000,reject,out_of_catalogue,
ACM-H-5190,,0.9500,reject,not_an_item,
NRD-H-5001,NRD-PRAW0352,0.9400,auto,lexical_unique,NRD-PRAW0352:94.2745|NRD-PUFF0002:73.5172|NRD-SQUI0282:73.4545
NRD-H-5002,,0.9800,review,ambiguous_twins,NRD-SALM0350:100.0000|NRD-SALM0299:95.0968|NRD-SALM0027:87.3651
NRD-H-5003,NRD-FULL0417,0.8800,auto,lexical_unique,NRD-FULL0417:88.0000|NRD-FULL0127:76.6981|NRD-FULL0028:74.6667
NRD-H-5004,,0.9800,review,ambiguous_twins,NRD-PRAW0097:100.0000|NRD-PRAW0318:94.9565|NRD-PRAW0461:83.5556
NRD-H-5005,NRD-CHIC0043,0.9800,auto,lexical_unique,NRD-CHIC0043:100.0000|NRD-CHIC0168:83.3623|NRD-CHIC0471:82.2857
NRD-H-5006,,0.5500,review,ambiguous_twins,NRD-PUFF0068:73.0000|NRD-PUFF0459:68.1163|NRD-PUFF0254:68.1163
NRD-H-5007,NRD-PRAW0210,0.9800,auto,lexical_unique,NRD-PRAW0210:100.0000|NRD-PRAW0237:83.5556|NRD-PRAW0385:81.9130
NRD-H-5008,,0.9800,review,ambiguous_twins,NRD-BEEF0161:100.0000|NRD-BEEF0279:93.2963|NRD-BEEF0006:93.2963
NRD-H-5009,,0.9800,review,ambiguous_twins,NRD-FULL0267:100.0000|NRD-FULL0174:98.3333|NRD-FULL0236:94.4865
NRD-H-5010,,0.9800,review,ambiguous_twins,NRD-BEEF0259:100.0000|NRD-BEEF0118:93.2963|NRD-BEEF0165:93.2963
NRD-H-5011,,0.1500,reject,no_candidate_above_floor,NRD-BUTT0179:51.7805|NRD-BUTT0491:48.4545|NRD-BUTT0047:48.4545
NRD-H-5012,,0.5500,review,ambiguous_twins,NRD-WHIP0334:75.0000|NRD-WHIP0069:70.0000|NRD-WHIP0334B:64.5745
NRD-H-5013,,0.9000,reject,out_of_catalogue,
NRD-H-5014,,0.9500,reject,not_an_item,
NRD-H-5015,NRD-FULL0323,0.8800,auto,lexical_unique,NRD-FULL0323:86.7838|NRD-FULL0456:77.9221|NRD-FULL0307:74.0526
NRD-H-5016,NRD-POTA0394,0.8800,auto,lexical_unique,NRD-POTA0394:88.0000|NRD-SALM0218:74.6667|NRD-SALM0489:74.6667
NRD-H-5017,,0.9800,review,ambiguous_twins,NRD-MOZZ0054:100.0000|NRD-MOZZ0286:93.7143|NRD-MOZZ0065:82.5763
NRD-H-5018,NRD-MOZZ0415,0.9800,auto,lexical_unique,NRD-MOZZ0415:100.0000|NRD-MOZZ0122:84.7123|NRD-MOZZ0356:84.7123
NRD-H-5019,,0.9400,review,ambiguous_twins,NRD-BEEF0278:91.3721|NRD-BEEF0118:85.6087|NRD-BEEF0279:85.6087
NRD-H-5020,NRD-POTA0293,0.9800,auto,lexical_unique,NRD-POTA0293:100.0000|NRD-POTA0156:90.3333|NRD-POTA0438:82.2459
NRD-H-5021,,0.9800,review,ambiguous_twins,NRD-SALM0159:100.0000|NRD-SALM0251:95.0968|NRD-SALM0117:84.9231
NRD-H-5022,NRD-SQUI0022,0.9700,auto,alias_exact,NRD-SQUI0022:100.0000
NRD-H-5023,NRD-CHIC0329,0.9900,auto,barcode_hit,NRD-CHIC0329:100.0000
NRD-H-5024,,0.9800,review,ambiguous_twins,NRD-MOZZ0152:98.3333|NRD-MOZZ0400:98.3333|NRD-MOZZ0109:71.6667
NRD-H-5025,,0.9800,review,ambiguous_twins,NRD-WHIP0069:100.0000|NRD-WHIP0334:100.0000|NRD-WHIP0334B:96.1356
NRD-H-5026,,0.9000,reject,out_of_catalogue,
NRD-H-5027,,0.9500,reject,not_an_item,
NRD-H-5028,,0.9800,review,ambiguous_twins,NRD-FULL0203:100.0000|NRD-FULL0287:97.0635|NRD-FULL0120:91.8710
NRD-H-5029,,0.7800,review,ambiguous_twins,NRD-MOZZ0205:84.3636|NRD-MOZZ0200:77.2308|NRD-MOZZ0175:77.2308
NRD-H-5030,,0.9800,review,ambiguous_twins,NRD-FULL0010:100.0000|NRD-FULL0348:94.5522|NRD-FULL0462:91.8710
NRD-H-5031,NRD-BUTT0302,0.9800,auto,lexical_unique,NRD-BUTT0302:100.0000|NRD-BUTT0211:84.9231|NRD-BUTT0491:77.3077
NRD-H-5032,NRD-BUTT0047,0.9800,auto,lexical_unique,NRD-BUTT0047:100.0000|NRD-BUTT0015:90.3529|NRD-BUTT0183:82.0588
NRD-H-5033,,0.7800,review,ambiguous_twins,NRD-SALM0076:84.2453|NRD-SALM0216:84.2453|NRD-SALM0322:84.2453
NRD-H-5034,NRD-VANI0424,0.9400,auto,lexical_unique,NRD-VANI0424:94.4865|NRD-VANI0119:82.6667|NRD-VANI0213:68.7838
NRD-H-5035,NRD-SALM0331B,0.9700,auto,alias_exact,NRD-SALM0331B:100.0000
NRD-H-5036,NRD-MOZZ0205,0.9700,auto,alias_exact,NRD-MOZZ0205:100.0000
NRD-H-5037,NRD-VANI0327,0.7800,auto,lexical_unique,NRD-VANI0327:84.9231|NRD-VANI0390:72.1509|NRD-FULL0280:69.1509
NRD-H-5038,NRD-BUTT0491,0.9800,auto,lexical_unique,NRD-BUTT0491:100.0000|NRD-BUTT0178:90.3529|NRD-BUTT0302:82.0588
NRD-H-5039,,0.3500,review,ambiguous_twins,NRD-SALM0398:60.0000|NRD-SALM0331:60.0000|NRD-SALM0413:60.0000
NRD-H-5040,,0.9000,reject,out_of_catalogue,
NRD-H-5041,,0.9500,reject,not_an_item,
NRD-H-5042,NRD-BUTT0321,0.9800,auto,lexical_unique,NRD-BUTT0321:100.0000|NRD-BUTT0194:89.8182|NRD-BUTT0491:80.5224
NRD-H-5043,NRD-VANI0190,0.9800,auto,lexical_unique,NRD-VANI0190:100.0000|NRD-VANI0283:89.8182|NRD-VANI0419:77.5373
NRD-H-5044,,0.9800,review,ambiguous_twins,NRD-BEEF0407:100.0000|NRD-BEEF0301:93.2963|NRD-BEEF0469:93.2963
NRD-H-5045,,0.9800,review,ambiguous_twins,NRD-SQUI0071:100.0000|NRD-SQUI0381:96.0000|NRD-SQUI0155:81.2963
NRD-H-5046,,0.8800,review,ambiguous_twins,NRD-CHIC0329:86.6667|NRD-CHIC0195:86.6667|NRD-CHIC0212:86.6667
NRD-H-5047,,0.8800,review,ambiguous_twins,NRD-SQUI0149:89.4815|NRD-PRAW0337:88.0000|NRD-PRAW0435:86.4314
NRD-H-5048,,0.9800,review,ambiguous_twins,NRD-WHIP0111:100.0000|NRD-WHIP0442:100.0000|NRD-FULL0267:75.6056
NRD-H-5049,,0.7800,review,ambiguous_twins,NRD-CHIC0289:83.0769|NRD-CHIC0380:83.0769|NRD-CHIC0379:83.0769
NRD-H-5050,NRD-BEEF0476,0.9900,auto,barcode_hit,NRD-BEEF0476:100.0000
NRD-H-5051,,0.7800,review,ambiguous_twins,NRD-PUFF0068:83.2609|NRD-PUFF0044:83.2609|NRD-PUFF0297:83.2609
NRD-H-5052,,0.9800,review,ambiguous_twins,NRD-SALM0142:100.0000|NRD-SALM0142B:98.4110|NRD-SALM0100:87.3651
NRD-H-5053,,0.9000,reject,out_of_catalogue,
NRD-H-5054,,0.9000,reject,out_of_catalogue,
NRD-H-5055,,0.9800,review,ambiguous_twins,NRD-FULL0024:100.0000|NRD-FULL0420:99.7368|NRD-FULL0028:96.2281
NRD-H-5056,NRD-BEEF0131,0.8800,auto,lexical_unique,NRD-BEEF0131:89.4815|NRD-BEEF0279:78.4815|NRD-BEEF0333:78.4815
NRD-H-5057,NRD-PRAW0455,0.8800,auto,lexical_unique,NRD-PRAW0455:88.1852|NRD-PRAW0048:68.4545|NRD-PRAW0384:68.4545
NRD-H-5058,NRD-SQUI0249,0.9800,auto,lexical_unique,NRD-SQUI0249:100.0000|NRD-SQUI0252:90.3529|NRD-SQUI0149:81.8750
NRD-H-5059,NRD-BUTT0491,0.9800,auto,lexical_unique,NRD-BUTT0491:100.0000|NRD-BUTT0178:90.3529|NRD-BUTT0302:82.0588
NRD-H-5060,NRD-CHIC0049,0.9400,auto,lexical_unique,NRD-CHIC0049:93.7143|NRD-CHIC0396:74.6667|NRD-CHIC0034:72.2857
NRD-H-5061,,0.9800,review,ambiguous_twins,NRD-BEEF0407:100.0000|NRD-BEEF0301:93.2963|NRD-BEEF0469:93.2963
NRD-H-5062,NRD-BEEF0343,0.9700,auto,alias_exact,NRD-BEEF0343:100.0000
NRD-H-5063,NRD-FULL0339,0.9700,auto,alias_exact,NRD-FULL0339:100.0000
NRD-H-5064,NRD-BEEF0354,0.9900,auto,barcode_hit,NRD-BEEF0354:100.0000
NRD-H-5065,,0.3500,review,ambiguous_twins,NRD-VANI0383:61.5366|NRD-VANI0060:60.1429|NRD-VANI0213:57.5455
NRD-H-5066,,0.9800,review,ambiguous_twins,NRD-SALM0064:100.0000|NRD-SALM0064B:97.5522|NRD-SALM0207:85.1930
NRD-H-5067,,0.9000,reject,out_of_catalogue,
NRD-H-5068,,0.9500,reject,not_an_item,
NRD-H-5069,,0.9800,review,ambiguous_twins,NRD-PRAW0475:100.0000|NRD-PRAW0053:100.0000|NRD-PRAW0337:88.7018
NRD-H-5070,,0.7800,review,ambiguous_twins,NRD-CHIC0217:80.5224|NRD-CHIC0452:78.9394|NRD-CHIC0406:75.9091
NRD-H-5071,NRD-POTA0164,0.9800,auto,lexical_unique,NRD-POTA0164:100.0000|NRD-POTA0309:90.5484|NRD-POTA0105:82.7143
NRD-H-5072,,0.9800,review,ambiguous_twins,NRD-VANI0066:100.0000|NRD-VANI0202:92.7458|NRD-VANI0383:78.1034
NRD-H-5073,,0.9800,review,ambiguous_twins,NRD-CHIC0212:100.0000|NRD-CHIC0428:94.5672|NRD-CHIC0219:91.5821
NRD-H-5074,,0.9800,review,ambiguous_twins,NRD-VANI0363:100.0000|NRD-VANI0148:94.1538|NRD-VANI0042:78.9394
NRD-H-5075,NRD-POTA0325,0.9800,auto,lexical_unique,NRD-POTA0325:100.0000|NRD-POTA0039:85.4194|NRD-POTA0485:79.7586
NRD-H-5076,NRD-PRAW0009,0.9700,auto,alias_exact,NRD-PRAW0009:100.0000
NRD-H-5077,NRD-BEEF0255,0.9800,auto,lexical_unique,NRD-BEEF0255:100.0000|NRD-BEEF0091:88.6667|NRD-BEEF0270:80.3333
NRD-H-5078,,0.7800,review,ambiguous_twins,NRD-CHIC0360:84.2453|NRD-CHIC0043:84.2453|NRD-CHIC0253:84.2453
NRD-H-5079,,0.8800,review,ambiguous_twins,NRD-BEEF0118:86.7959|NRD-BEEF0476:86.7959|NRD-BEEF0214:86.7959
NRD-H-5080,NRD-PUFF0244,0.9400,auto,lexical_unique,NRD-PUFF0244:94.7925|NRD-PUFF0244B:84.6667|NRD-MOZZ0152:73.4545
NRD-H-5081,,0.9000,reject,out_of_catalogue,
NRD-H-5082,NRD-PUFF0125,0.9400,auto,lexical_unique,NRD-PUFF0125:90.5000|NRD-PUFF0056:75.5000|NRD-PUFF0316:70.5676
NRD-H-5083,,0.7800,review,ambiguous_twins,NRD-VANI0075:82.0588|NRD-VANI0012:79.1176|NRD-VANI0137:76.1765
NRD-H-5084,NRD-MOZZ0110,0.9400,auto,lexical_unique,NRD-MOZZ0110:94.2069|NRD-MOZZ0221:73.5172|NRD-MOZZ0035:71.2069
NRD-H-5085,,0.8800,review,ambiguous_twins,NRD-FULL0462:88.7692|NRD-FULL0287:81.3636|NRD-FULL0010:70.9630
NRD-H-5086,,0.9800,review,ambiguous_twins,NRD-BEEF0072:100.0000|NRD-BEEF0270:92.8333|NRD-BEEF0368:92.8333
NRD-H-5087,,0.5500,review,ambiguous_twins,NRD-WHIP0111:75.0000|NRD-WHIP0442:75.0000|NRD-WHIP0361:68.0000
NRD-H-5088,,0.9800,review,ambiguous_twins,NRD-BEEF0284:100.0000|NRD-BEEF0057:93.9697|NRD-BEEF0265:93.9697
NRD-H-5089,,0.9800,review,ambiguous_twins,NRD-BEEF0368:100.0000|NRD-BEEF0278:92.8333|NRD-BEEF0072:92.8333
NRD-H-5090,,0.9800,review,ambiguous_twins,NRD-BEEF0373:100.0000|NRD-BEEF0335:93.4286|NRD-BEEF0007:93.4286
NRD-H-5091,NRD-PRAW0387,0.9900,auto,barcode_hit,NRD-PRAW0387:100.0000
NRD-H-5092,,0.5500,review,ambiguous_twins,NRD-CHIC0101:76.9130|NRD-CHIC0359:72.3878|NRD-CHIC0186:72.3878
NRD-H-5093,,0.9800,review,ambiguous_twins,NRD-PUFF0305:96.8889|NRD-PUFF0244:96.8889|NRD-PUFF0244B:86.6885
NRD-H-5094,,0.9000,reject,out_of_catalogue,
NRD-H-5095,,0.9500,reject,not_an_item,
NRD-H-5096,NRD-BUTT0178,0.9800,auto,lexical_unique,NRD-BUTT0178:100.0000|NRD-BUTT0491:90.3529|NRD-BUTT0211:82.0588
NRD-H-5097,NRD-SALM0027,0.9800,auto,lexical_unique,NRD-SALM0027:99.9697|NRD-SALM0218:87.8485|NRD-SALM0405:81.7879
NRD-H-5098,NRD-POTA0061,0.9800,auto,lexical_unique,NRD-POTA0061:100.0000|NRD-POTA0438:90.1034|NRD-POTA0156:81.2105
NRD-H-5099,NRD-POTA0238,0.9800,auto,lexical_unique,NRD-POTA0238:100.0000|NRD-POTA0225:90.1034|NRD-POTA0151:82.2459
NRD-H-5100,,0.9800,review,ambiguous_twins,NRD-BEEF0368:100.0000|NRD-BEEF0278:92.8333|NRD-BEEF0072:92.8333
NRD-H-5101,NRD-BEEF0259,0.9800,auto,lexical_unique,NRD-BEEF0259:95.5000|NRD-BEEF0118:80.3333|NRD-BEEF0165:80.3333
NRD-H-5102,,0.9800,review,ambiguous_twins,NRD-PRAW0385:100.0000|NRD-PRAW0129:99.3043|NRD-PRAW0237:83.5556
NRD-H-5103,,0.9800,review,ambiguous_twins,NRD-MOZZ0451:100.0000|NRD-MOZZ0116:93.7143|NRD-MOZZ0143:82.5763
NRD-H-5104,NRD-POTA0151,0.9900,auto,barcode_hit,NRD-POTA0151:100.0000
NRD-H-5105,,0.9800,review,ambiguous_twins,NRD-BEEF0259:100.0000|NRD-BEEF0118:93.2963|NRD-BEEF0165:93.2963
NRD-H-5106,,0.8800,review,ambiguous_twins,NRD-BUTT0321:87.1429|NRD-BUTT0194:87.1429|NRD-BUTT0491:85.7018
NRD-H-5107,NRD-BEEF0214,0.9800,auto,lexical_unique,NRD-BEEF0214:97.7959|NRD-BEEF0214B:86.5714|NRD-BEEF0118:82.7143
NRD-H-5108,,0.9000,reject,out_of_catalogue,
NRD-H-5109,,0.9500,reject,not_an_item,
NRD-H-5110,,0.9800,review,ambiguous_twins,NRD-BUTT0029:100.0000|NRD-BUTT0093:93.0000|NRD-BUTT0271:82.5000
